,aspiration-std,aspiration-turbo,body-style,bore,city-L/100km,city-mpg,compression-ratio,curb-weight,drive-wheels,engine-location,engine-size,engine-type,fuel-system,fuel-type-diesel,fuel-type-gas,height,highway-mpg,horsepower,horsepower-binned,length,make,normalized-losses,num-of-cylinders,num-of-doors,peak-rpm,price,stroke,symboling,wheel-base,width,aspiration-std,aspiration-turbo
0,,,convertible,3.47,11.19047619,21,9,2548,rwd,front,130,dohc,mpfi,0,1,0.816053512,8.703703704,111,Low,0.811148486,alfa-romero,122,four,two,5000,13495,2.68,3,88.6,0.890277778,1,0
1,,,convertible,3.47,11.19047619,21,9,2548,rwd,front,130,dohc,mpfi,0,1,0.816053512,8.703703704,111,Low,0.811148486,alfa-romero,122,four,two,5000,16500,2.68,3,88.6,0.890277778,1,0
2,,,hatchback,2.68,12.36842105,19,9,2823,rwd,front,152,ohcv,mpfi,0,1,0.876254181,9.038461538,154,Medium,0.822681403,alfa-romero,122,six,two,5000,16500,3.47,1,94.5,0.909722222,1,0
3,,,sedan,3.19,9.791666667,24,10,2337,fwd,front,109,ohc,mpfi,0,1,0.908026756,7.833333333,102,Low,0.848630466,audi,164,four,four,5500,13950,3.4,2,99.8,0.919444444,1,0
4,,,sedan,3.19,13.05555556,18,8,2824,4wd,front,136,ohc,mpfi,0,1,0.908026756,10.68181818,115,Low,0.848630466,audi,164,five,four,5500,17450,3.4,2,99.4,0.922222222,1,0
5,,,sedan,3.19,12.36842105,19,8.5,2507,fwd,front,136,ohc,mpfi,0,1,0.887959866,9.4,110,Low,0.851994234,audi,122,five,two,5500,15250,3.4,2,99.8,0.920833333,1,0
6,,,sedan,3.19,12.36842105,19,8.5,2844,fwd,front,136,ohc,mpfi,0,1,0.931438127,9.4,110,Low,0.925997117,audi,158,five,four,5500,17710,3.4,1,105.8,0.991666667,1,0
7,,,wagon,3.19,12.36842105,19,8.5,2954,fwd,front,136,ohc,mpfi,0,1,0.931438127,9.4,110,Low,0.925997117,audi,122,five,four,5500,18920,3.4,1,105.8,0.991666667,1,0
8,,,sedan,3.13,13.82352941,17,8.3,3086,fwd,front,131,ohc,mpfi,0,1,0.934782609,11.75,140,Medium,0.925997117,audi,158,five,four,5500,23875,3.4,1,105.8,0.991666667,0,1
9,,,sedan,3.5,10.2173913,23,8.8,2395,rwd,front,108,ohc,mpfi,0,1,0.908026756,8.103448276,101,Low,0.849591543,bmw,192,four,two,5800,16430,2.8,2,101.2,0.9,1,0
10,,,sedan,3.5,10.2173913,23,8.8,2395,rwd,front,108,ohc,mpfi,0,1,0.908026756,8.103448276,101,Low,0.849591543,bmw,192,four,four,5800,16925,2.8,0,101.2,0.9,1,0
11,,,sedan,3.31,11.19047619,21,9,2710,rwd,front,164,ohc,mpfi,0,1,0.908026756,8.392857143,121,Medium,0.849591543,bmw,188,six,two,4250,20970,3.19,0,101.2,0.9,1,0
12,,,sedan,3.31,11.19047619,21,9,2765,rwd,front,164,ohc,mpfi,0,1,0.908026756,8.392857143,121,Medium,0.849591543,bmw,188,six,four,4250,21105,3.19,0,101.2,0.9,1,0
13,,,sedan,3.31,11.75,20,9,3055,rwd,front,164,ohc,mpfi,0,1,0.931438127,9.4,121,Medium,0.908217203,bmw,122,six,four,4250,24565,3.19,1,103.5,0.929166667,1,0
14,,,sedan,3.62,14.6875,16,8,3230,rwd,front,209,ohc,mpfi,0,1,0.931438127,10.68181818,182,Medium,0.908217203,bmw,122,six,four,5400,30760,3.39,0,103.5,0.929166667,1,0
15,,,sedan,3.62,14.6875,16,8,3380,rwd,front,209,ohc,mpfi,0,1,0.897993311,10.68181818,182,Medium,0.931283037,bmw,122,six,two,5400,41315,3.39,0,103.5,0.943055556,1,0
16,,,sedan,3.62,15.66666667,15,8,3505,rwd,front,209,ohc,mpfi,0,1,0.941471572,11.75,182,Medium,0.946660259,bmw,122,six,four,5400,36880,3.39,0,110,0.984722222,1,0
17,,,hatchback,2.91,5,47,9.5,1488,fwd,front,61,l,2bbl,0,1,0.889632107,4.433962264,48,Low,0.678039404,chevrolet,121,three,two,5100,5151,3.03,2,88.4,0.8375,1,0
18,,,hatchback,3.03,6.184210526,38,9.6,1874,fwd,front,90,ohc,2bbl,0,1,0.869565217,5.465116279,70,Low,0.749159058,chevrolet,98,four,two,5400,6295,3.11,1,94.5,0.883333333,1,0
19,,,sedan,3.03,6.184210526,38,9.6,1909,fwd,front,90,ohc,2bbl,0,1,0.869565217,5.465116279,70,Low,0.763094666,chevrolet,81,four,four,5400,6575,3.11,0,94.5,0.883333333,1,0
20,,,hatchback,2.97,6.351351351,37,9.41,1876,fwd,front,90,ohc,2bbl,0,1,0.849498328,5.731707317,68,Low,0.755886593,dodge,118,four,two,5500,5572,3.23,1,93.7,0.886111111,1,0
21,,,hatchback,2.97,7.580645161,31,9.4,1876,fwd,front,90,ohc,2bbl,0,1,0.849498328,6.184210526,68,Low,0.755886593,dodge,118,four,two,5500,6377,3.23,1,93.7,0.886111111,1,0
22,,,hatchback,3.03,9.791666667,24,7.6,2128,fwd,front,98,ohc,mpfi,0,1,0.849498328,7.833333333,102,Low,0.755886593,dodge,118,four,two,5500,7957,3.39,1,93.7,0.886111111,0,1
23,,,hatchback,2.97,7.580645161,31,9.4,1967,fwd,front,90,ohc,2bbl,0,1,0.846153846,6.184210526,68,Low,0.755886593,dodge,148,four,four,5500,6229,3.23,1,93.7,0.886111111,1,0
24,,,sedan,2.97,7.580645161,31,9.4,1989,fwd,front,90,ohc,2bbl,0,1,0.846153846,6.184210526,68,Low,0.755886593,dodge,148,four,four,5500,6692,3.23,1,93.7,0.886111111,1,0
25,,,sedan,2.97,7.580645161,31,9.4,1989,fwd,front,90,ohc,2bbl,0,1,0.846153846,6.184210526,68,Low,0.755886593,dodge,148,four,four,5500,7609,3.23,1,93.7,0.886111111,1,0
26,,,sedan,3.03,9.791666667,24,7.6,2191,fwd,front,98,ohc,mpfi,0,1,0.846153846,7.833333333,102,Low,0.755886593,dodge,148,four,four,5500,8558,3.39,1,93.7,0.886111111,0,1
27,,,wagon,3.34,9.791666667,24,8.5,2535,fwd,front,122,ohc,2bbl,0,1,1,7.833333333,88,Low,0.839019702,dodge,110,four,four,5000,8921,3.46,-1,103.3,0.897222222,1,0
28,,,hatchback,3.6,12.36842105,19,7,2811,fwd,front,156,ohc,mfi,0,1,0.839464883,9.791666667,145,Medium,0.832292167,dodge,145,four,two,5000,12964,3.9,3,95.9,0.920833333,0,1
29,,,hatchback,2.91,4.795918367,49,9.6,1713,fwd,front,92,ohc,1bbl,0,1,0.849498328,4.351851852,58,Low,0.694858241,honda,137,four,two,4800,6479,3.41,2,86.6,0.8875,1,0
30,,,hatchback,2.91,7.580645161,31,9.2,1819,fwd,front,92,ohc,1bbl,0,1,0.849498328,6.184210526,76,Low,0.694858241,honda,137,four,two,6000,6855,3.41,2,86.6,0.8875,1,0
31,,,hatchback,2.91,6.184210526,38,10.1,1837,fwd,front,79,ohc,1bbl,0,1,0.879598662,5.595238095,60,Low,0.720807304,honda,101,four,two,5500,5399,3.07,1,93.7,0.888888889,1,0
32,,,hatchback,2.91,7.833333333,30,9.2,1940,fwd,front,92,ohc,1bbl,0,1,0.879598662,6.911764706,76,Low,0.720807304,honda,101,four,two,6000,6529,3.41,1,93.7,0.888888889,1,0
33,,,hatchback,2.91,7.833333333,30,9.2,1956,fwd,front,92,ohc,1bbl,0,1,0.879598662,6.911764706,76,Low,0.720807304,honda,101,four,two,6000,7129,3.41,1,93.7,0.888888889,1,0
34,,,sedan,2.91,7.833333333,30,9.2,2010,fwd,front,92,ohc,1bbl,0,1,0.911371237,6.911764706,76,Low,0.785199423,honda,110,four,four,6000,7295,3.41,0,96.5,0.888888889,1,0
35,,,wagon,2.92,7.833333333,30,9.2,2024,fwd,front,92,ohc,1bbl,0,1,0.974916388,6.911764706,76,Low,0.754925517,honda,78,four,four,6000,7295,3.41,0,96.5,0.8875,1,0
36,,,hatchback,3.15,8.703703704,27,9,2236,fwd,front,110,ohc,1bbl,0,1,0.891304348,7.121212121,86,Low,0.80490149,honda,106,four,two,5800,7895,3.58,0,96.5,0.905555556,1,0
37,,,hatchback,3.15,8.703703704,27,9,2289,fwd,front,110,ohc,1bbl,0,1,0.891304348,7.121212121,86,Low,0.80490149,honda,106,four,two,5800,9095,3.58,0,96.5,0.905555556,1,0
38,,,sedan,3.15,8.703703704,27,9,2304,fwd,front,110,ohc,1bbl,0,1,0.904682274,7.121212121,86,Low,0.842864008,honda,85,four,four,5800,8845,3.58,0,96.5,0.905555556,1,0
39,,,sedan,3.15,8.703703704,27,9,2372,fwd,front,110,ohc,1bbl,0,1,0.904682274,7.121212121,86,Low,0.842864008,honda,85,four,four,5800,10295,3.58,0,96.5,0.868055556,1,0
40,,,sedan,3.15,9.791666667,24,9,2465,fwd,front,110,ohc,mpfi,0,1,0.904682274,8.392857143,101,Low,0.842864008,honda,85,four,four,5800,12945,3.58,0,96.5,0.905555556,1,0
41,,,sedan,3.15,9.4,25,9.1,2293,fwd,front,110,ohc,2bbl,0,1,0.852842809,7.580645161,100,Low,0.812590101,honda,107,four,two,5500,10345,3.58,1,96.5,0.916666667,1,0
42,,,sedan,3.31,9.791666667,24,8.5,2337,rwd,front,111,ohc,2bbl,0,1,0.894648829,8.103448276,78,Low,0.820278712,isuzu,122,four,four,4800,6785,3.23,0,94.3,0.858333333,1,0
43,,,hatchback,3.43,9.791666667,24,9.2,2734,rwd,front,119,ohc,spfi,0,1,0.859531773,8.103448276,90,Low,0.829408938,isuzu,122,four,two,5000,11048,3.23,2,96,0.905555556,1,0
44,,,sedan,3.63,15.66666667,15,8.1,4066,rwd,front,258,dohc,mpfi,0,1,0.882943144,12.36842105,176,Medium,0.959154253,jaguar,145,six,four,4750,32250,4.17,0,113,0.966666667,1,0
45,,,sedan,3.63,15.66666667,15,8.1,4066,rwd,front,258,dohc,mpfi,0,1,0.882943144,12.36842105,176,Medium,0.959154253,jaguar,122,six,four,4750,35550,4.17,0,113,0.966666667,1,0
46,,,sedan,3.54,18.07692308,13,11.5,3950,rwd,front,326,ohcv,mpfi,0,1,0.799331104,13.82352941,262,High,0.921191735,jaguar,122,twelve,two,5000,36000,2.76,0,102,0.980555556,1,0
47,,,hatchback,3.03,7.833333333,30,9,1890,fwd,front,91,ohc,2bbl,0,1,0.904682274,7.580645161,68,Low,0.764536281,mazda,104,four,two,5000,5195,3.15,1,93.1,0.891666667,1,0
48,,,hatchback,3.03,7.580645161,31,9,1900,fwd,front,91,ohc,2bbl,0,1,0.904682274,6.184210526,68,Low,0.764536281,mazda,104,four,two,5000,6095,3.15,1,93.1,0.891666667,1,0
49,,,hatchback,3.03,7.580645161,31,9,1905,fwd,front,91,ohc,2bbl,0,1,0.904682274,6.184210526,68,Low,0.764536281,mazda,104,four,two,5000,6795,3.15,1,93.1,0.891666667,1,0
50,,,sedan,3.03,7.580645161,31,9,1945,fwd,front,91,ohc,2bbl,0,1,0.904682274,6.184210526,68,Low,0.801537722,mazda,113,four,four,5000,6695,3.15,1,93.1,0.891666667,1,0
51,,,sedan,3.08,7.580645161,31,9,1950,fwd,front,91,ohc,2bbl,0,1,0.904682274,6.184210526,68,Low,0.801537722,mazda,113,four,four,5000,7395,3.15,1,93.1,0.891666667,1,0
52,,,hatchback,3.329751244,13.82352941,17,9.4,2380,rwd,front,70,rotor,4bbl,0,1,0.829431438,10.2173913,101,Low,0.812109563,mazda,150,two,two,6000,10945,3.255422886,3,95.3,0.9125,1,0
53,,,hatchback,3.329751244,13.82352941,17,9.4,2380,rwd,front,70,rotor,4bbl,0,1,0.829431438,10.2173913,101,Low,0.812109563,mazda,150,two,two,6000,11845,3.255422886,3,95.3,0.9125,1,0
54,,,hatchback,3.329751244,13.82352941,17,9.4,2385,rwd,front,70,rotor,4bbl,0,1,0.829431438,10.2173913,101,Low,0.812109563,mazda,150,two,two,6000,13645,3.255422886,3,95.3,0.9125,1,0
55,,,hatchback,3.329751244,14.6875,16,9.4,2500,rwd,front,80,rotor,mpfi,0,1,0.829431438,10.2173913,135,Medium,0.812109563,mazda,150,two,two,6000,15645,3.255422886,3,95.3,0.9125,1,0
56,,,hatchback,3.39,9.038461538,26,8.6,2385,fwd,front,122,ohc,2bbl,0,1,0.897993311,7.34375,84,Low,0.854396925,mazda,129,four,two,4800,8845,3.39,1,98.8,0.923611111,1,0
57,,,sedan,3.39,9.038461538,26,8.6,2410,fwd,front,122,ohc,2bbl,0,1,0.928093645,7.34375,84,Low,0.854396925,mazda,115,four,four,4800,8495,3.39,0,98.8,0.923611111,1,0
58,,,hatchback,3.39,9.038461538,26,8.6,2385,fwd,front,122,ohc,2bbl,0,1,0.897993311,7.34375,84,Low,0.854396925,mazda,129,four,two,4800,10595,3.39,1,98.8,0.923611111,1,0
59,,,sedan,3.39,9.038461538,26,8.6,2410,fwd,front,122,ohc,2bbl,0,1,0.928093645,7.34375,84,Low,0.854396925,mazda,115,four,four,4800,10245,3.39,0,98.8,0.923611111,1,0
60,,,sedan,3.39,6.527777778,36,22.7,2443,fwd,front,122,ohc,idi,1,0,0.928093645,5.595238095,64,Low,0.854396925,mazda,122,four,four,4650,10795,3.39,0,98.8,0.923611111,1,0
61,,,hatchback,3.39,9.038461538,26,8.6,2425,fwd,front,122,ohc,2bbl,0,1,0.928093645,7.34375,84,Low,0.854396925,mazda,115,four,four,4800,11245,3.39,0,98.8,0.923611111,1,0
62,,,sedan,3.76,12.36842105,19,8,2670,rwd,front,140,ohc,mpfi,0,1,0.909698997,8.703703704,120,Medium,0.840941855,mazda,118,four,four,5000,18280,3.16,0,104.9,0.918055556,1,0
63,,,sedan,3.43,7.580645161,31,22,2700,rwd,front,134,ohc,idi,1,0,0.909698997,6.025641026,72,Low,0.840941855,mazda,122,four,four,4200,18344,3.64,0,104.9,0.918055556,1,0
64,,,sedan,3.58,10.68181818,22,21.5,3515,rwd,front,183,ohc,idi,1,0,0.944816054,9.4,123,Medium,0.917347429,mercedes-benz,93,five,four,4350,25552,3.64,-1,110,0.976388889,0,1
65,,,wagon,3.58,10.68181818,22,21.5,3750,rwd,front,183,ohc,idi,1,0,0.981605351,9.4,123,Medium,0.917347429,mercedes-benz,93,five,four,4350,28248,3.64,-1,110,0.976388889,0,1
66,,,hardtop,3.58,10.68181818,22,21.5,3495,rwd,front,183,ohc,idi,1,0,0.918060201,9.4,123,Medium,0.90100913,mercedes-benz,93,five,two,4350,28176,3.64,0,106.7,0.976388889,0,1
67,,,sedan,3.58,10.68181818,22,21.5,3770,rwd,front,183,ohc,idi,1,0,0.941471572,9.4,123,Medium,0.973570399,mercedes-benz,93,five,four,4350,31600,3.64,-1,115.6,0.995833333,0,1
68,,,sedan,3.46,14.6875,16,8.3,3740,rwd,front,234,ohcv,mpfi,0,1,0.944816054,13.05555556,155,Medium,0.973570399,mercedes-benz,122,eight,four,4750,34184,3.1,-1,115.6,0.995833333,1,0
69,,,convertible,3.46,14.6875,16,8.3,3685,rwd,front,234,ohcv,mpfi,0,1,0.849498328,13.05555556,155,Medium,0.86641038,mercedes-benz,142,eight,two,4750,35056,3.1,3,96.6,0.979166667,1,0
70,,,sedan,3.8,16.78571429,14,8,3900,rwd,front,308,ohcv,mpfi,0,1,0.948160535,14.6875,184,Medium,1,mercedes-benz,122,eight,four,4500,40960,3.35,0,120.9,0.995833333,1,0
71,,,hardtop,3.8,16.78571429,14,8,3715,rwd,front,304,ohcv,mpfi,0,1,0.926421405,14.6875,184,Medium,0.9572321,mercedes-benz,122,eight,two,4500,45400,3.35,1,112,1,1,0
72,,,hatchback,3.78,12.36842105,19,8,2910,rwd,front,140,ohc,mpfi,0,1,0.91638796,9.791666667,175,Medium,0.857280154,mercury,122,four,two,5000,16503,3.12,1,102.7,0.944444444,0,1
73,,,hatchback,2.97,6.351351351,37,9.4,1918,fwd,front,92,ohc,2bbl,0,1,0.849498328,5.731707317,68,Low,0.755886593,mitsubishi,161,four,two,5500,5389,3.23,2,93.7,0.894444444,1,0
74,,,hatchback,2.97,7.580645161,31,9.4,1944,fwd,front,92,ohc,2bbl,0,1,0.849498328,6.184210526,68,Low,0.755886593,mitsubishi,161,four,two,5500,6189,3.23,2,93.7,0.894444444,1,0
75,,,hatchback,2.97,7.580645161,31,9.4,2004,fwd,front,92,ohc,2bbl,0,1,0.849498328,6.184210526,68,Low,0.755886593,mitsubishi,161,four,two,5500,6669,3.23,2,93.7,0.894444444,1,0
76,,,hatchback,3.03,9.791666667,24,7.6,2145,fwd,front,98,ohc,spdi,0,1,0.849498328,7.833333333,102,Low,0.755886593,mitsubishi,161,four,two,5500,7689,3.39,1,93,0.886111111,0,1
77,,,hatchback,3.17,10.2173913,23,7.5,2370,fwd,front,110,ohc,spdi,0,1,0.826086957,7.833333333,116,Low,0.831331091,mitsubishi,153,four,two,5500,9959,3.46,3,96.3,0.908333333,0,1
78,,,hatchback,3.35,9.4,25,8.5,2328,fwd,front,122,ohc,2bbl,0,1,0.826086957,7.34375,88,Low,0.831331091,mitsubishi,153,four,two,5000,8499,3.46,3,96.3,0.908333333,1,0
79,,,hatchback,3.58,12.36842105,19,7,2833,fwd,front,156,ohc,spdi,0,1,0.839464883,9.791666667,145,Medium,0.832292167,mitsubishi,122,four,two,5000,12629,3.86,3,95.9,0.920833333,0,1
80,,,hatchback,3.59,12.36842105,19,7,2921,fwd,front,156,ohc,spdi,0,1,0.839464883,9.791666667,145,Medium,0.832292167,mitsubishi,122,four,two,5000,14869,3.86,3,95.9,0.920833333,0,1
81,,,hatchback,3.59,12.36842105,19,7,2926,fwd,front,156,ohc,spdi,0,1,0.839464883,9.791666667,145,Medium,0.832292167,mitsubishi,122,four,two,5000,14489,3.86,3,95.9,0.920833333,0,1
82,,,sedan,3.35,9.4,25,8.5,2365,fwd,front,122,ohc,2bbl,0,1,0.862876254,7.34375,88,Low,0.828447862,mitsubishi,125,four,four,5000,6989,3.46,1,96.3,0.908333333,1,0
83,,,sedan,3.35,9.4,25,8.5,2405,fwd,front,122,ohc,2bbl,0,1,0.862876254,7.34375,88,Low,0.828447862,mitsubishi,125,four,four,5000,8189,3.46,1,96.3,0.908333333,1,0
84,,,sedan,3.17,10.2173913,23,7.5,2403,fwd,front,110,ohc,spdi,0,1,0.862876254,7.833333333,116,Low,0.828447862,mitsubishi,125,four,four,5500,9279,3.46,1,96.3,0.908333333,0,1
85,,,sedan,3.17,10.2173913,23,7.5,2403,fwd,front,110,ohc,spdi,0,1,0.862876254,7.833333333,116,Low,0.828447862,mitsubishi,137,four,four,5500,9279,3.46,-1,96.3,0.908333333,1,0
86,,,sedan,3.15,7.580645161,31,9.4,1889,fwd,front,97,ohc,2bbl,0,1,0.911371237,6.351351351,69,Low,0.794329649,nissan,128,four,two,5200,5499,3.29,1,94.5,0.886111111,1,0
87,,,sedan,2.99,5.222222222,45,21.9,2017,fwd,front,103,ohc,idi,1,0,0.911371237,4.7,55,Low,0.794329649,nissan,128,four,two,4800,7099,3.47,1,94.5,0.886111111,1,0
88,,,sedan,3.15,7.580645161,31,9.4,1918,fwd,front,97,ohc,2bbl,0,1,0.911371237,6.351351351,69,Low,0.794329649,nissan,128,four,two,5200,6649,3.29,1,94.5,0.886111111,1,0
89,,,sedan,3.15,7.580645161,31,9.4,1938,fwd,front,97,ohc,2bbl,0,1,0.911371237,6.351351351,69,Low,0.794329649,nissan,122,four,four,5200,6849,3.29,1,94.5,0.886111111,1,0
90,,,wagon,3.15,7.580645161,31,9.4,2024,fwd,front,97,ohc,2bbl,0,1,0.894648829,6.351351351,69,Low,0.817876021,nissan,103,four,four,5200,7349,3.29,1,94.5,0.886111111,1,0
91,,,sedan,3.15,7.580645161,31,9.4,1951,fwd,front,97,ohc,2bbl,0,1,0.911371237,6.351351351,69,Low,0.794329649,nissan,128,four,two,5200,7299,3.29,1,94.5,0.886111111,1,0
92,,,hatchback,3.15,7.580645161,31,9.4,2028,fwd,front,97,ohc,2bbl,0,1,0.891304348,6.351351351,69,Low,0.795771264,nissan,128,four,two,5200,7799,3.29,1,94.5,0.886111111,1,0
93,,,sedan,3.15,7.580645161,31,9.4,1971,fwd,front,97,ohc,2bbl,0,1,0.911371237,6.351351351,69,Low,0.794329649,nissan,122,four,four,5200,7499,3.29,1,94.5,0.886111111,1,0
94,,,wagon,3.15,7.580645161,31,9.4,2037,fwd,front,97,ohc,2bbl,0,1,0.894648829,6.351351351,69,Low,0.817876021,nissan,103,four,four,5200,7999,3.29,1,94.5,0.886111111,1,0
95,,,hardtop,3.15,7.580645161,31,9.4,2008,fwd,front,97,ohc,2bbl,0,1,0.891304348,6.351351351,69,Low,0.780394041,nissan,168,four,two,5200,8249,3.29,2,95.1,0.886111111,1,0
96,,,hatchback,3.33,8.703703704,27,8.5,2324,fwd,front,120,ohc,2bbl,0,1,0.914715719,6.911764706,97,Low,0.833253244,nissan,106,four,four,5200,8949,3.47,0,97.2,0.905555556,1,0
97,,,sedan,3.33,8.703703704,27,8.5,2302,fwd,front,120,ohc,2bbl,0,1,0.914715719,6.911764706,97,Low,0.833253244,nissan,106,four,four,5200,9549,3.47,0,97.2,0.905555556,1,0
98,,,sedan,3.43,13.82352941,17,9,3095,fwd,front,181,ohcv,mpfi,0,1,0.921404682,10.68181818,152,Medium,0.873137914,nissan,128,six,four,5200,13499,3.27,0,100.4,0.923611111,1,0
99,,,wagon,3.43,13.82352941,17,9,3296,fwd,front,181,ohcv,mpfi,0,1,0.93812709,10.68181818,152,Medium,0.887073522,nissan,108,six,four,5200,14399,3.27,0,100.4,0.923611111,1,0
100,,,sedan,3.43,12.36842105,19,9,3060,fwd,front,181,ohcv,mpfi,0,1,0.921404682,9.4,152,Medium,0.887073522,nissan,108,six,four,5200,13499,3.27,0,100.4,0.923611111,1,0
101,,,hatchback,3.43,12.36842105,19,9,3071,rwd,front,181,ohcv,mpfi,0,1,0.831103679,9.4,160,Medium,0.820278712,nissan,194,six,two,5200,17199,3.27,3,91.3,0.943055556,1,0
102,,,hatchback,3.43,13.82352941,17,7.8,3139,rwd,front,181,ohcv,mpfi,0,1,0.831103679,10.2173913,200,High,0.820278712,nissan,194,six,two,5200,19699,3.27,3,91.3,0.943055556,0,1
103,,,hatchback,3.43,12.36842105,19,9,3139,rwd,front,181,ohcv,mpfi,0,1,0.831103679,9.4,160,Medium,0.857760692,nissan,231,six,two,5200,18399,3.27,1,99.2,0.943055556,1,0
104,,,sedan,3.46,12.36842105,19,8.4,3020,rwd,front,120,l,mpfi,0,1,0.948160535,9.791666667,97,Low,0.897164825,peugot,161,four,four,5000,11900,3.19,0,107.9,0.95,1,0
105,,,sedan,3.7,8.392857143,28,21,3197,rwd,front,152,l,idi,1,0,0.948160535,7.121212121,95,Low,0.897164825,peugot,161,four,four,4150,13200,3.52,0,107.9,0.95,0,1
106,,,wagon,3.46,12.36842105,19,8.4,3230,rwd,front,120,l,mpfi,0,1,0.981605351,9.791666667,97,Low,0.955790485,peugot,122,four,four,5000,12440,3.19,0,114.2,0.95,1,0
107,,,wagon,3.7,9.4,25,21,3430,rwd,front,152,l,idi,1,0,0.981605351,9.4,95,Low,0.955790485,peugot,122,four,four,4150,13860,3.52,0,114.2,0.95,0,1
108,,,sedan,3.46,12.36842105,19,8.4,3075,rwd,front,120,l,mpfi,0,1,0.948160535,9.791666667,95,Low,0.897164825,peugot,161,four,four,5000,15580,2.19,0,107.9,0.95,1,0
109,,,sedan,3.7,8.392857143,28,21,3252,rwd,front,152,l,idi,1,0,0.948160535,7.121212121,95,Low,0.897164825,peugot,161,four,four,4150,16900,3.52,0,107.9,0.95,0,1
110,,,wagon,3.46,12.36842105,19,8.4,3285,rwd,front,120,l,mpfi,0,1,0.948160535,9.791666667,95,Low,0.955790485,peugot,122,four,four,5000,16695,2.19,0,114.2,0.95,1,0
111,,,wagon,3.7,9.4,25,21,3485,rwd,front,152,l,idi,1,0,0.981605351,9.4,95,Low,0.955790485,peugot,122,four,four,4150,17075,3.52,0,114.2,0.95,0,1
112,,,sedan,3.46,12.36842105,19,8.4,3075,rwd,front,120,l,mpfi,0,1,0.948160535,9.791666667,97,Low,0.897164825,peugot,161,four,four,5000,16630,3.19,0,107.9,0.95,1,0
113,,,sedan,3.7,8.392857143,28,21,3252,rwd,front,152,l,idi,1,0,0.948160535,7.121212121,95,Low,0.897164825,peugot,161,four,four,4150,17950,3.52,0,107.9,0.95,0,1
114,,,sedan,3.61,13.05555556,18,7,3130,rwd,front,134,l,mpfi,0,1,0.936454849,9.791666667,142,Medium,0.897164825,peugot,161,four,four,5600,18150,3.21,0,108,0.948611111,0,1
115,,,hatchback,2.97,6.351351351,37,9.4,1918,fwd,front,90,ohc,2bbl,0,1,0.849498328,5.731707317,68,Low,0.755886593,plymouth,119,four,two,5500,5572,3.23,1,93.7,0.886111111,1,0
116,,,hatchback,3.03,9.791666667,24,7.6,2128,fwd,front,98,ohc,spdi,0,1,0.849498328,7.833333333,102,Low,0.755886593,plymouth,119,four,two,5500,7957,3.39,1,93.7,0.886111111,0,1
117,,,hatchback,2.97,7.580645161,31,9.4,1967,fwd,front,90,ohc,2bbl,0,1,0.846153846,6.184210526,68,Low,0.755886593,plymouth,154,four,four,5500,6229,3.23,1,93.7,0.886111111,1,0
118,,,sedan,2.97,7.580645161,31,9.4,1989,fwd,front,90,ohc,2bbl,0,1,0.849498328,6.184210526,68,Low,0.803940413,plymouth,154,four,four,5500,6692,3.23,1,93.7,0.886111111,1,0
119,,,sedan,2.97,7.580645161,31,9.4,2191,fwd,front,98,ohc,2bbl,0,1,0.849498328,6.184210526,68,Low,0.803940413,plymouth,154,four,four,5500,7609,3.23,1,93.7,0.886111111,1,0
120,,,wagon,3.35,9.791666667,24,8.5,2535,fwd,front,122,ohc,2bbl,0,1,1,7.833333333,88,Low,0.839019702,plymouth,74,four,four,5000,8921,3.46,-1,103.3,0.897222222,1,0
121,,,hatchback,3.59,12.36842105,19,7,2818,rwd,front,156,ohc,spdi,0,1,0.839464883,9.791666667,145,Medium,0.832292167,plymouth,122,four,two,5000,12764,3.86,3,95.9,0.920833333,0,1
122,,,hatchback,3.94,12.36842105,19,9.5,2778,rwd,front,151,ohc,mpfi,0,1,0.839464883,8.703703704,143,Medium,0.811629025,porsche,186,four,two,5500,22018,3.11,3,94.5,0.948611111,1,0
123,,,hardtop,3.74,13.82352941,17,9.5,2756,rwd,rear,194,ohcf,mpfi,0,1,0.862876254,9.4,207,High,0.811629025,porsche,122,six,two,5900,32528,2.9,3,89.5,0.902777778,1,0
124,,,hardtop,3.74,13.82352941,17,9.5,2756,rwd,rear,194,ohcf,mpfi,0,1,0.862876254,9.4,207,High,0.811629025,porsche,122,six,two,5900,34028,2.9,3,89.5,0.902777778,1,0
125,,,convertible,3.74,13.82352941,17,9.5,2800,rwd,rear,194,ohcf,mpfi,0,1,0.862876254,9.4,207,High,0.811629025,porsche,122,six,two,5900,37028,2.9,3,89.5,0.902777778,1,0
126,,,wagon,3.46,10.2173913,23,8.7,2579,fwd,front,132,ohc,mpfi,0,1,0.923076923,7.580645161,104,Low,0.872176838,renault,122,four,four,5125.369458,9295,3.9,0,96.1,0.923611111,1,0
127,,,hatchback,3.46,10.2173913,23,8.7,2460,fwd,front,132,ohc,mpfi,0,1,0.844481605,7.580645161,104,Low,0.849591543,renault,122,four,two,5125.369458,9895,3.9,2,96.1,0.925,1,0
128,,,hatchback,3.54,11.19047619,21,9.31,2658,fwd,front,121,ohc,mpfi,0,1,0.93812709,8.392857143,110,Low,0.896684286,saab,150,four,two,5250,11850,3.07,3,99.1,0.923611111,1,0
129,,,sedan,3.54,11.19047619,21,9.3,2695,fwd,front,121,ohc,mpfi,0,1,0.93812709,8.392857143,110,Low,0.896684286,saab,104,four,four,5250,12170,3.07,2,99.1,0.923611111,1,0
130,,,hatchback,2.54,11.19047619,21,9.3,2707,fwd,front,121,ohc,mpfi,0,1,0.93812709,8.392857143,110,Low,0.896684286,saab,150,four,two,5250,15040,2.07,3,99.1,0.923611111,1,0
131,,,sedan,3.54,11.19047619,21,9.3,2758,fwd,front,121,ohc,mpfi,0,1,0.93812709,8.392857143,110,Low,0.896684286,saab,104,four,four,5250,15510,3.07,2,99.1,0.923611111,1,0
132,,,hatchback,3.54,12.36842105,19,9,2808,fwd,front,121,dohc,mpfi,0,1,0.93812709,9.038461538,160,Medium,0.896684286,saab,150,four,two,5500,18150,3.07,3,99.1,0.923611111,0,1
133,,,sedan,3.54,12.36842105,19,9,2847,fwd,front,121,dohc,mpfi,0,1,0.93812709,9.038461538,160,Medium,0.896684286,saab,104,four,four,5500,18620,3.07,2,99.1,0.923611111,0,1
134,,,hatchback,3.62,7.580645161,31,9,2050,fwd,front,97,ohcf,2bbl,0,1,0.897993311,6.527777778,69,Low,0.75396444,subaru,83,four,two,4900,5118,2.36,2,93.7,0.880555556,1,0
135,,,hatchback,3.62,9.038461538,26,8.7,2120,fwd,front,108,ohcf,2bbl,0,1,0.897993311,7.580645161,73,Low,0.758769822,subaru,83,four,two,4400,7053,2.64,2,93.7,0.883333333,1,0
136,,,hatchback,3.62,9.038461538,26,8.7,2240,4wd,front,108,ohcf,2bbl,0,1,0.931438127,7.580645161,73,Low,0.755886593,subaru,83,four,two,4400,7603,2.64,2,93.3,0.886111111,1,0
137,,,sedan,3.62,7.34375,32,9.5,2145,fwd,front,108,ohcf,2bbl,0,1,0.877926421,6.351351351,82,Low,0.826525709,subaru,102,four,four,4800,7126,2.64,0,97.2,0.908333333,1,0
138,,,sedan,3.62,8.392857143,28,9.5,2190,fwd,front,108,ohcf,2bbl,0,1,0.877926421,7.121212121,82,Low,0.826525709,subaru,102,four,four,4400,7775,2.64,0,97.2,0.908333333,1,0
139,,,sedan,3.62,9.038461538,26,9,2340,fwd,front,108,ohcf,mpfi,0,1,0.877926421,7.34375,94,Low,0.826525709,subaru,102,four,four,5200,9960,2.64,0,97.2,0.908333333,1,0
140,,,sedan,3.62,9.791666667,24,9,2385,4wd,front,108,ohcf,2bbl,0,1,0.908026756,9.4,82,Low,0.826525709,subaru,102,four,four,4800,9233,2.64,0,97,0.908333333,1,0
141,,,sedan,3.62,9.791666667,24,7.7,2510,4wd,front,108,ohcf,mpfi,0,1,0.908026756,8.103448276,111,Low,0.826525709,subaru,102,four,four,4800,11259,2.64,0,97,0.908333333,0,1
142,,,wagon,3.62,8.392857143,28,9,2290,fwd,front,108,ohcf,2bbl,0,1,0.886287625,7.34375,82,Low,0.833733782,subaru,89,four,four,4800,7463,2.64,0,97,0.908333333,1,0
143,,,wagon,3.62,9.4,25,9,2455,fwd,front,108,ohcf,mpfi,0,1,0.886287625,7.580645161,94,Low,0.833733782,subaru,89,four,four,5200,10198,2.64,0,97,0.908333333,1,0
144,,,wagon,3.62,10.2173913,23,9,2420,4wd,front,108,ohcf,2bbl,0,1,0.918060201,8.103448276,82,Low,0.83421432,subaru,85,four,four,4800,8013,2.64,0,96.9,0.908333333,1,0
145,,,wagon,3.62,10.2173913,23,7.7,2650,4wd,front,108,ohcf,mpfi,0,1,0.918060201,10.2173913,111,Low,0.83421432,subaru,85,four,four,4800,11694,2.64,0,96.9,0.908333333,0,1
146,,,hatchback,3.05,6.714285714,35,9,1985,fwd,front,92,ohc,2bbl,0,1,0.911371237,6.025641026,62,Low,0.762614128,toyota,87,four,two,4800,5348,3.03,1,95.7,0.883333333,1,0
147,,,hatchback,3.05,7.580645161,31,9,2040,fwd,front,92,ohc,2bbl,0,1,0.911371237,6.184210526,62,Low,0.762614128,toyota,87,four,two,4800,6338,3.03,1,95.7,0.883333333,1,0
148,,,hatchback,3.05,7.580645161,31,9,2015,fwd,front,92,ohc,2bbl,0,1,0.911371237,6.184210526,62,Low,0.762614128,toyota,74,four,four,4800,6488,3.03,1,95.7,0.883333333,1,0
149,,,wagon,3.05,7.580645161,31,9,2280,fwd,front,92,ohc,2bbl,0,1,0.988294314,6.351351351,62,Low,0.81547333,toyota,77,four,four,4800,6918,3.03,0,95.7,0.883333333,1,0
150,,,wagon,3.05,8.703703704,27,9,2290,4wd,front,92,ohc,2bbl,0,1,0.988294314,7.34375,62,Low,0.81547333,toyota,81,four,four,4800,7898,3.03,0,95.7,0.883333333,1,0
151,,,wagon,3.05,8.703703704,27,9,3110,4wd,front,92,ohc,2bbl,0,1,0.988294314,7.34375,62,Low,0.81547333,toyota,91,four,four,4800,8778,3.03,0,95.7,0.883333333,1,0
152,,,sedan,3.19,7.833333333,30,9,2081,fwd,front,98,ohc,2bbl,0,1,0.886287625,6.351351351,70,Low,0.799135031,toyota,91,four,four,4800,6938,3.03,0,95.7,0.894444444,1,0
153,,,hatchback,3.19,7.833333333,30,9,2109,fwd,front,98,ohc,2bbl,0,1,0.882943144,6.351351351,70,Low,0.799135031,toyota,91,four,four,4800,7198,3.03,0,95.7,0.894444444,1,0
154,,,sedan,3.27,6.911764706,34,22.5,2275,fwd,front,110,ohc,idi,1,0,0.886287625,6.527777778,56,Low,0.799135031,toyota,91,four,four,4500,7898,3.35,0,95.7,0.894444444,1,0
155,,,hatchback,3.27,6.184210526,38,22.5,2275,fwd,front,110,ohc,idi,1,0,0.882943144,5,56,Low,0.799135031,toyota,91,four,four,4500,7788,3.35,0,95.7,0.894444444,1,0
156,,,sedan,3.19,6.184210526,38,9,2094,fwd,front,98,ohc,2bbl,0,1,0.886287625,5,70,Low,0.799135031,toyota,91,four,four,4800,7738,3.03,0,95.7,0.894444444,1,0
157,,,hatchback,3.19,8.392857143,28,9,2122,fwd,front,98,ohc,2bbl,0,1,0.882943144,6.911764706,70,Low,0.799135031,toyota,91,four,four,4800,8358,3.03,0,95.7,0.894444444,1,0
158,,,sedan,3.19,8.392857143,28,9,2140,fwd,front,98,ohc,2bbl,0,1,0.882943144,6.911764706,70,Low,0.799135031,toyota,91,four,four,4800,9258,3.03,0,95.7,0.894444444,1,0
159,,,sedan,3.19,8.103448276,29,9,2169,rwd,front,98,ohc,2bbl,0,1,0.879598662,6.911764706,70,Low,0.810667948,toyota,168,four,two,4800,8058,3.03,1,94.5,0.888888889,1,0
160,,,hatchback,3.19,8.103448276,29,9,2204,rwd,front,98,ohc,2bbl,0,1,0.879598662,6.911764706,70,Low,0.810667948,toyota,168,four,two,4800,8238,3.03,1,94.5,0.888888889,1,0
161,,,sedan,3.24,9.038461538,26,9.4,2265,rwd,front,98,dohc,mpfi,0,1,0.879598662,8.103448276,112,Low,0.810667948,toyota,168,four,two,6600,9298,3.08,1,94.5,0.888888889,1,0
162,,,hatchback,3.24,9.038461538,26,9.4,2300,rwd,front,98,dohc,mpfi,0,1,0.879598662,8.103448276,112,Low,0.810667948,toyota,168,four,two,6600,9538,3.08,1,94.5,0.888888889,1,0
163,,,hardtop,3.62,9.791666667,24,9.3,2540,rwd,front,146,ohc,mpfi,0,1,0.869565217,7.833333333,116,Low,0.846708313,toyota,134,four,two,4800,8449,3.5,2,98.4,0.911111111,1,0
164,,,hardtop,3.62,9.791666667,24,9.3,2536,rwd,front,146,ohc,mpfi,0,1,0.869565217,7.833333333,116,Low,0.846708313,toyota,134,four,two,4800,9639,3.5,2,98.4,0.911111111,1,0
165,,,hatchback,3.62,9.791666667,24,9.3,2551,rwd,front,146,ohc,mpfi,0,1,0.869565217,7.833333333,116,Low,0.846708313,toyota,134,four,two,4800,9989,3.5,2,98.4,0.911111111,1,0
166,,,hardtop,3.62,9.791666667,24,9.3,2679,rwd,front,146,ohc,mpfi,0,1,0.869565217,7.833333333,116,Low,0.846708313,toyota,134,four,two,4800,11199,3.5,2,98.4,0.911111111,1,0
167,,,hatchback,3.62,9.791666667,24,9.3,2714,rwd,front,146,ohc,mpfi,0,1,0.869565217,7.833333333,116,Low,0.846708313,toyota,134,four,two,4800,11549,3.5,2,98.4,0.911111111,1,0
168,,,convertible,3.62,9.791666667,24,9.3,2975,rwd,front,146,ohc,mpfi,0,1,0.886287625,7.833333333,116,Low,0.846708313,toyota,134,four,two,4800,17669,3.5,2,98.4,0.911111111,1,0
169,,,sedan,3.31,8.103448276,29,8.7,2326,fwd,front,122,ohc,mpfi,0,1,0.918060201,6.911764706,92,Low,0.843825084,toyota,65,four,four,4200,8948,3.54,-1,102.4,0.923611111,1,0
170,,,sedan,3.27,7.833333333,30,22.5,2480,fwd,front,110,ohc,idi,1,0,0.918060201,7.121212121,73,Low,0.843825084,toyota,65,four,four,4500,10698,3.35,-1,102.4,0.923611111,0,1
171,,,hatchback,3.31,8.703703704,27,8.7,2414,fwd,front,122,ohc,mpfi,0,1,0.901337793,7.34375,92,Low,0.843825084,toyota,65,four,four,4200,9988,3.54,-1,102.4,0.923611111,1,0
172,,,sedan,3.31,8.703703704,27,8.7,2414,fwd,front,122,ohc,mpfi,0,1,0.918060201,7.34375,92,Low,0.843825084,toyota,65,four,four,4200,10898,3.54,-1,102.4,0.923611111,1,0
173,,,hatchback,3.31,8.703703704,27,8.7,2458,fwd,front,122,ohc,mpfi,0,1,0.901337793,7.34375,92,Low,0.843825084,toyota,65,four,four,4200,11248,3.54,-1,102.4,0.923611111,1,0
174,,,hatchback,3.27,11.75,20,9.3,2976,rwd,front,171,dohc,mpfi,0,1,0.869565217,9.791666667,161,Medium,0.881787602,toyota,197,six,two,5200,16558,3.35,3,102.9,0.940277778,1,0
175,,,hatchback,3.27,12.36842105,19,9.3,3016,rwd,front,171,dohc,mpfi,0,1,0.869565217,9.791666667,161,Medium,0.881787602,toyota,197,six,two,5200,15998,3.35,3,102.9,0.940277778,1,0
176,,,sedan,3.27,11.75,20,9.2,3131,rwd,front,171,dohc,mpfi,0,1,0.904682274,9.791666667,156,Medium,0.902450745,toyota,90,six,four,5200,15690,3.35,-1,104.5,0.923611111,1,0
177,,,wagon,3.27,12.36842105,19,9.2,3151,rwd,front,161,dohc,mpfi,0,1,0.904682274,9.791666667,156,Medium,0.902450745,toyota,122,six,four,5200,15750,3.35,-1,104.5,0.923611111,1,0
178,,,sedan,3.01,6.351351351,37,23,2261,fwd,front,97,ohc,idi,1,0,0.931438127,5.108695652,52,Low,0.825084094,volkswagen,122,four,two,4800,7775,3.4,2,97.3,0.909722222,1,0
179,,,sedan,3.19,8.703703704,27,9,2209,fwd,front,109,ohc,mpfi,0,1,0.931438127,6.911764706,85,Low,0.825084094,volkswagen,122,four,two,5250,7975,3.4,2,97.3,0.909722222,1,0
180,,,sedan,3.01,6.351351351,37,23,2264,fwd,front,97,ohc,idi,1,0,0.931438127,5.108695652,52,Low,0.825084094,volkswagen,94,four,four,4800,7995,3.4,2,97.3,0.909722222,1,0
181,,,sedan,3.19,8.703703704,27,9,2212,fwd,front,109,ohc,mpfi,0,1,0.931438127,6.911764706,85,Low,0.825084094,volkswagen,94,four,four,5250,8195,3.4,2,97.3,0.909722222,1,0
182,,,sedan,3.19,8.703703704,27,9,2275,fwd,front,109,ohc,mpfi,0,1,0.931438127,6.911764706,85,Low,0.825084094,volkswagen,94,four,four,5250,8495,3.4,2,97.3,0.909722222,1,0
183,,,sedan,3.01,6.351351351,37,23,2319,fwd,front,97,ohc,idi,1,0,0.931438127,5.595238095,68,Low,0.825084094,volkswagen,94,four,four,4500,9495,3.4,2,97.3,0.909722222,0,1
184,,,sedan,3.19,9.038461538,26,10,2300,fwd,front,109,ohc,mpfi,0,1,0.931438127,7.34375,100,Low,0.825084094,volkswagen,94,four,four,5500,9995,3.4,2,97.3,0.909722222,1,0
185,,,convertible,3.19,9.791666667,24,8.5,2254,fwd,front,109,ohc,mpfi,0,1,0.929765886,8.103448276,90,Low,0.765497357,volkswagen,122,four,two,5500,11595,3.4,3,94.5,0.891666667,1,0
186,,,hatchback,3.19,9.791666667,24,8.5,2221,fwd,front,109,ohc,mpfi,0,1,0.859531773,8.103448276,90,Low,0.796251802,volkswagen,256,four,two,5500,9980,3.4,3,94.5,0.888888889,1,0
187,,,sedan,3.19,12.36842105,19,8.5,2661,fwd,front,136,ohc,mpfi,0,1,0.921404682,9.791666667,110,Low,0.865929841,volkswagen,122,five,four,5500,13295,3.4,0,100.4,0.929166667,1,0
188,,,sedan,3.01,7.121212121,33,23,2579,fwd,front,97,ohc,idi,1,0,0.921404682,6.184210526,68,Low,0.865929841,volkswagen,122,four,four,4500,13845,3.4,0,100.4,0.929166667,0,1
189,,,wagon,3.19,9.4,25,9,2563,fwd,front,109,ohc,mpfi,0,1,0.921404682,7.580645161,88,Low,0.879865449,volkswagen,122,four,four,5500,12290,3.4,0,100.4,0.929166667,1,0
190,,,sedan,3.78,10.2173913,23,9.5,2912,rwd,front,141,ohc,mpfi,0,1,0.939799331,8.392857143,114,Low,0.907256127,volvo,103,four,four,5400,12940,3.15,-2,104.3,0.933333333,1,0
191,,,wagon,3.78,10.2173913,23,9.5,3034,rwd,front,141,ohc,mpfi,0,1,0.961538462,8.392857143,114,Low,0.907256127,volvo,74,four,four,5400,13415,3.15,-1,104.3,0.933333333,1,0
192,,,sedan,3.78,9.791666667,24,9.5,2935,rwd,front,141,ohc,mpfi,0,1,0.939799331,8.392857143,114,Low,0.907256127,volvo,103,four,four,5400,15985,3.15,-2,104.3,0.933333333,1,0
193,,,wagon,3.78,9.791666667,24,9.5,3042,rwd,front,141,ohc,mpfi,0,1,0.961538462,8.392857143,114,Low,0.907256127,volvo,74,four,four,5400,16515,3.15,-1,104.3,0.933333333,1,0
194,,,sedan,3.62,13.82352941,17,7.5,3045,rwd,front,130,ohc,mpfi,0,1,0.939799331,10.68181818,162,Medium,0.907256127,volvo,103,four,four,5100,18420,3.15,-2,104.3,0.933333333,0,1
195,,,wagon,3.62,13.82352941,17,7.5,3157,rwd,front,130,ohc,mpfi,0,1,0.961538462,10.68181818,162,Medium,0.907256127,volvo,74,four,four,5100,18950,3.15,-1,104.3,0.933333333,0,1
196,,,sedan,3.78,10.2173913,23,9.5,2952,rwd,front,141,ohc,mpfi,0,1,0.928093645,8.392857143,114,Low,0.907256127,volvo,95,four,four,5400,16845,3.15,-1,109.1,0.956944444,1,0
197,,,sedan,3.78,12.36842105,19,8.7,3049,rwd,front,141,ohc,mpfi,0,1,0.928093645,9.4,160,Medium,0.907256127,volvo,95,four,four,5300,19045,3.15,-1,109.1,0.955555556,0,1
198,,,sedan,3.58,13.05555556,18,8.8,3012,rwd,front,173,ohcv,mpfi,0,1,0.928093645,10.2173913,134,Medium,0.907256127,volvo,95,six,four,5500,21485,2.87,-1,109.1,0.956944444,1,0
199,,,sedan,3.01,9.038461538,26,23,3217,rwd,front,145,ohc,idi,1,0,0.928093645,8.703703704,106,Low,0.907256127,volvo,95,six,four,4800,22470,3.4,-1,109.1,0.956944444,0,1
200,,,sedan,3.78,12.36842105,19,9.5,3062,rwd,front,141,ohc,mpfi,0,1,0.928093645,9.4,114,Low,0.907256127,volvo,95,four,four,5400,22625,3.15,-1,109.1,0.956944444,0,1
,,,,,,,,,,,,,,,,,,,,,,,,,,,,,,,0,0
,,,,,,,,,,,,,,,,,,,,,,,,,,,,,,,0,0
,,,,,,,,,,,,,,,,,,,,,,,,,,,,,,,0,0
,,,,,,,,,,,,,,,,,,,,,,,,,,,,,,,0,0
,,,,,,,,,,,,,,,,,,,,,,,,,,,,,,,0,0
,,,,,,,,,,,,,,,,,,,,,,,,,,,,,,,0,0
,,,,,,,,,,,,,,,,,,,,,,,,,,,,,,,0,0
,,,,,,,,,,,,,,,,,,,,,,,,,,,,,,,0,0
,,,,,,,,,,,,,,,,,,,,,,,,,,,,,,,0,0
,,,,,,,,,,,,,,,,,,,,,,,,,,,,,,,0,0
,,,,,,,,,,,,,,,,,,,,,,,,,,,,,,,0,0
,,,,,,,,,,,,,,,,,,,,,,,,,,,,,,,0,0
,,,,,,,,,,,,,,,,,,,,,,,,,,,,,,,0,0
,,,,,,,,,,,,,,,,,,,,,,,,,,,,,,,0,0
,,,,,,,,,,,,,,,,,,,,,,,,,,,,,,,0,0
,,,,,,,,,,,,,,,,,,,,,,,,,,,,,,,0,0
,,,,,,,,,,,,,,,,,,,,,,,,,,,,,,,0,0
,,,,,,,,,,,,,,,,,,,,,,,,,,,,,,,0,0
,,,,,,,,,,,,,,,,,,,,,,,,,,,,,,,0,0
,,,,,,,,,,,,,,,,,,,,,,,,,,,,,,,0,0
,,,,,,,,,,,,,,,,,,,,,,,,,,,,,,,0,0
,,,,,,,,,,,,,,,,,,,,,,,,,,,,,,,0,0
,,,,,,,,,,,,,,,,,,,,,,,,,,,,,,,0,0
,,,,,,,,,,,,,,,,,,,,,,,,,,,,,,,0,0
,,,,,,,,,,,,,,,,,,,,,,,,,,,,,,,0,0
,,,,,,,,,,,,,,,,,,,,,,,,,,,,,,,0,0
,,,,,,,,,,,,,,,,,,,,,,,,,,,,,,,0,0
,,,,,,,,,,,,,,,,,,,,,,,,,,,,,,,0,0
,,,,,,,,,,,,,,,,,,,,,,,,,,,,,,,0,0
,,,,,,,,,,,,,,,,,,,,,,,,,,,,,,,0,0
,,,,,,,,,,,,,,,,,,,,,,,,,,,,,,,0,0
,,,,,,,,,,,,,,,,,,,,,,,,,,,,,,,0,0
,,,,,,,,,,,,,,,,,,,,,,,,,,,,,,,0,0
,,,,,,,,,,,,,,,,,,,,,,,,,,,,,,,0,0
,,,,,,,,,,,,,,,,,,,,,,,,,,,,,,,0,0
,,,,,,,,,,,,,,,,,,,,,,,,,,,,,,,0,0
,,,,,,,,,,,,,,,,,,,,,,,,,,,,,,,0,0
,,,,,,,,,,,,,,,,,,,,,,,,,,,,,,,0,0
,,,,,,,,,,,,,,,,,,,,,,,,,,,,,,,0,0
,,,,,,,,,,,,,,,,,,,,,,,,,,,,,,,0,0
,,,,,,,,,,,,,,,,,,,,,,,,,,,,,,,0,0
,,,,,,,,,,,,,,,,,,,,,,,,,,,,,,,0,0
,,,,,,,,,,,,,,,,,,,,,,,,,,,,,,,0,0
,,,,,,,,,,,,,,,,,,,,,,,,,,,,,,,0,0
,,,,,,,,,,,,,,,,,,,,,,,,,,,,,,,0,0
,,,,,,,,,,,,,,,,,,,,,,,,,,,,,,,0,0
,,,,,,,,,,,,,,,,,,,,,,,,,,,,,,,0,0
,,,,,,,,,,,,,,,,,,,,,,,,,,,,,,,0,0
,,,,,,,,,,,,,,,,,,,,,,,,,,,,,,,0,0
,,,,,,,,,,,,,,,,,,,,,,,,,,,,,,,0,0
,,,,,,,,,,,,,,,,,,,,,,,,,,,,,,,0,0
,,,,,,,,,,,,,,,,,,,,,,,,,,,,,,,0,0
,,,,,,,,,,,,,,,,,,,,,,,,,,,,,,,0,0
,,,,,,,,,,,,,,,,,,,,,,,,,,,,,,,0,0
,,,,,,,,,,,,,,,,,,,,,,,,,,,,,,,0,0
,,,,,,,,,,,,,,,,,,,,,,,,,,,,,,,0,0
,,,,,,,,,,,,,,,,,,,,,,,,,,,,,,,0,0
,,,,,,,,,,,,,,,,,,,,,,,,,,,,,,,0,0
,,,,,,,,,,,,,,,,,,,,,,,,,,,,,,,0,0
,,,,,,,,,,,,,,,,,,,,,,,,,,,,,,,0,0
,,,,,,,,,,,,,,,,,,,,,,,,,,,,,,,0,0
,,,,,,,,,,,,,,,,,,,,,,,,,,,,,,,0,0
,,,,,,,,,,,,,,,,,,,,,,,,,,,,,,,0,0
,,,,,,,,,,,,,,,,,,,,,,,,,,,,,,,0,0
,,,,,,,,,,,,,,,,,,,,,,,,,,,,,,,0,0
,,,,,,,,,,,,,,,,,,,,,,,,,,,,,,,0,0
,,,,,,,,,,,,,,,,,,,,,,,,,,,,,,,0,0
,,,,,,,,,,,,,,,,,,,,,,,,,,,,,,,0,0
,,,,,,,,,,,,,,,,,,,,,,,,,,,,,,,0,0
,,,,,,,,,,,,,,,,,,,,,,,,,,,,,,,0,0
,,,,,,,,,,,,,,,,,,,,,,,,,,,,,,,0,0
,,,,,,,,,,,,,,,,,,,,,,,,,,,,,,,0,0
,,,,,,,,,,,,,,,,,,,,,,,,,,,,,,,0,0
,,,,,,,,,,,,,,,,,,,,,,,,,,,,,,,0,0
,,,,,,,,,,,,,,,,,,,,,,,,,,,,,,,0,0
,,,,,,,,,,,,,,,,,,,,,,,,,,,,,,,0,0
,,,,,,,,,,,,,,,,,,,,,,,,,,,,,,,0,0
,,,,,,,,,,,,,,,,,,,,,,,,,,,,,,,0,0
,,,,,,,,,,,,,,,,,,,,,,,,,,,,,,,0,0
,,,,,,,,,,,,,,,,,,,,,,,,,,,,,,,0,0
,,,,,,,,,,,,,,,,,,,,,,,,,,,,,,,0,0
,,,,,,,,,,,,,,,,,,,,,,,,,,,,,,,0,0
,,,,,,,,,,,,,,,,,,,,,,,,,,,,,,,0,0
,,,,,,,,,,,,,,,,,,,,,,,,,,,,,,,0,0
,,,,,,,,,,,,,,,,,,,,,,,,,,,,,,,0,0
,,,,,,,,,,,,,,,,,,,,,,,,,,,,,,,0,0
,,,,,,,,,,,,,,,,,,,,,,,,,,,,,,,0,0
,,,,,,,,,,,,,,,,,,,,,,,,,,,,,,,0,0
,,,,,,,,,,,,,,,,,,,,,,,,,,,,,,,0,0
,,,,,,,,,,,,,,,,,,,,,,,,,,,,,,,0,0
,,,,,,,,,,,,,,,,,,,,,,,,,,,,,,,0,0
,,,,,,,,,,,,,,,,,,,,,,,,,,,,,,,0,0
,,,,,,,,,,,,,,,,,,,,,,,,,,,,,,,0,0
,,,,,,,,,,,,,,,,,,,,,,,,,,,,,,,0,0
,,,,,,,,,,,,,,,,,,,,,,,,,,,,,,,0,0
,,,,,,,,,,,,,,,,,,,,,,,,,,,,,,,0,0
,,,,,,,,,,,,,,,,,,,,,,,,,,,,,,,0,0
,,,,,,,,,,,,,,,,,,,,,,,,,,,,,,,0,0
,,,,,,,,,,,,,,,,,,,,,,,,,,,,,,,0,0
,,,,,,,,,,,,,,,,,,,,,,,,,,,,,,,0,0
,,,,,,,,,,,,,,,,,,,,,,,,,,,,,,,0,0
,,,,,,,,,,,,,,,,,,,,,,,,,,,,,,,0,0
,,,,,,,,,,,,,,,,,,,,,,,,,,,,,,,0,0
,,,,,,,,,,,,,,,,,,,,,,,,,,,,,,,0,0
,,,,,,,,,,,,,,,,,,,,,,,,,,,,,,,0,0
,,,,,,,,,,,,,,,,,,,,,,,,,,,,,,,0,0
,,,,,,,,,,,,,,,,,,,,,,,,,,,,,,,0,0
,,,,,,,,,,,,,,,,,,,,,,,,,,,,,,,0,0
,,,,,,,,,,,,,,,,,,,,,,,,,,,,,,,0,0
,,,,,,,,,,,,,,,,,,,,,,,,,,,,,,,0,0
,,,,,,,,,,,,,,,,,,,,,,,,,,,,,,,0,0
,,,,,,,,,,,,,,,,,,,,,,,,,,,,,,,0,0
,,,,,,,,,,,,,,,,,,,,,,,,,,,,,,,0,0
,,,,,,,,,,,,,,,,,,,,,,,,,,,,,,,0,0
,,,,,,,,,,,,,,,,,,,,,,,,,,,,,,,0,0
,,,,,,,,,,,,,,,,,,,,,,,,,,,,,,,0,0
,,,,,,,,,,,,,,,,,,,,,,,,,,,,,,,0,0
,,,,,,,,,,,,,,,,,,,,,,,,,,,,,,,0,0
,,,,,,,,,,,,,,,,,,,,,,,,,,,,,,,0,0
,,,,,,,,,,,,,,,,,,,,,,,,,,,,,,,0,0
,,,,,,,,,,,,,,,,,,,,,,,,,,,,,,,0,0
,,,,,,,,,,,,,,,,,,,,,,,,,,,,,,,0,0
,,,,,,,,,,,,,,,,,,,,,,,,,,,,,,,0,0
,,,,,,,,,,,,,,,,,,,,,,,,,,,,,,,0,0
,,,,,,,,,,,,,,,,,,,,,,,,,,,,,,,0,0
,,,,,,,,,,,,,,,,,,,,,,,,,,,,,,,0,0
,,,,,,,,,,,,,,,,,,,,,,,,,,,,,,,0,0
,,,,,,,,,,,,,,,,,,,,,,,,,,,,,,,0,0
,,,,,,,,,,,,,,,,,,,,,,,,,,,,,,,0,0
,,,,,,,,,,,,,,,,,,,,,,,,,,,,,,,0,0
,,,,,,,,,,,,,,,,,,,,,,,,,,,,,,,0,0
,,,,,,,,,,,,,,,,,,,,,,,,,,,,,,,0,0
,,,,,,,,,,,,,,,,,,,,,,,,,,,,,,,0,0
,,,,,,,,,,,,,,,,,,,,,,,,,,,,,,,0,0
,,,,,,,,,,,,,,,,,,,,,,,,,,,,,,,0,0
,,,,,,,,,,,,,,,,,,,,,,,,,,,,,,,0,0
,,,,,,,,,,,,,,,,,,,,,,,,,,,,,,,0,0
,,,,,,,,,,,,,,,,,,,,,,,,,,,,,,,0,0
,,,,,,,,,,,,,,,,,,,,,,,,,,,,,,,0,0
,,,,,,,,,,,,,,,,,,,,,,,,,,,,,,,0,0
,,,,,,,,,,,,,,,,,,,,,,,,,,,,,,,0,0
,,,,,,,,,,,,,,,,,,,,,,,,,,,,,,,0,0
,,,,,,,,,,,,,,,,,,,,,,,,,,,,,,,0,0
,,,,,,,,,,,,,,,,,,,,,,,,,,,,,,,0,0
,,,,,,,,,,,,,,,,,,,,,,,,,,,,,,,0,0
,,,,,,,,,,,,,,,,,,,,,,,,,,,,,,,0,0
,,,,,,,,,,,,,,,,,,,,,,,,,,,,,,,0,0
,,,,,,,,,,,,,,,,,,,,,,,,,,,,,,,0,0
,,,,,,,,,,,,,,,,,,,,,,,,,,,,,,,0,0
,,,,,,,,,,,,,,,,,,,,,,,,,,,,,,,0,0
,,,,,,,,,,,,,,,,,,,,,,,,,,,,,,,0,0
,,,,,,,,,,,,,,,,,,,,,,,,,,,,,,,0,0
,,,,,,,,,,,,,,,,,,,,,,,,,,,,,,,0,0
,,,,,,,,,,,,,,,,,,,,,,,,,,,,,,,0,0
,,,,,,,,,,,,,,,,,,,,,,,,,,,,,,,0,0
,,,,,,,,,,,,,,,,,,,,,,,,,,,,,,,0,0
,,,,,,,,,,,,,,,,,,,,,,,,,,,,,,,0,0
,,,,,,,,,,,,,,,,,,,,,,,,,,,,,,,0,0
,,,,,,,,,,,,,,,,,,,,,,,,,,,,,,,0,0
,,,,,,,,,,,,,,,,,,,,,,,,,,,,,,,0,0
,,,,,,,,,,,,,,,,,,,,,,,,,,,,,,,0,0
,,,,,,,,,,,,,,,,,,,,,,,,,,,,,,,0,0
,,,,,,,,,,,,,,,,,,,,,,,,,,,,,,,0,0
,,,,,,,,,,,,,,,,,,,,,,,,,,,,,,,0,0
,,,,,,,,,,,,,,,,,,,,,,,,,,,,,,,0,0
,,,,,,,,,,,,,,,,,,,,,,,,,,,,,,,0,0
,,,,,,,,,,,,,,,,,,,,,,,,,,,,,,,0,0
,,,,,,,,,,,,,,,,,,,,,,,,,,,,,,,0,0
,,,,,,,,,,,,,,,,,,,,,,,,,,,,,,,0,0
,,,,,,,,,,,,,,,,,,,,,,,,,,,,,,,0,0
,,,,,,,,,,,,,,,,,,,,,,,,,,,,,,,0,0
,,,,,,,,,,,,,,,,,,,,,,,,,,,,,,,0,0
,,,,,,,,,,,,,,,,,,,,,,,,,,,,,,,0,0
,,,,,,,,,,,,,,,,,,,,,,,,,,,,,,,0,0
,,,,,,,,,,,,,,,,,,,,,,,,,,,,,,,0,0
,,,,,,,,,,,,,,,,,,,,,,,,,,,,,,,0,0
,,,,,,,,,,,,,,,,,,,,,,,,,,,,,,,0,0
,,,,,,,,,,,,,,,,,,,,,,,,,,,,,,,0,0
,,,,,,,,,,,,,,,,,,,,,,,,,,,,,,,0,0
,,,,,,,,,,,,,,,,,,,,,,,,,,,,,,,0,0
,,,,,,,,,,,,,,,,,,,,,,,,,,,,,,,0,0
,,,,,,,,,,,,,,,,,,,,,,,,,,,,,,,0,0
,,,,,,,,,,,,,,,,,,,,,,,,,,,,,,,0,0
,,,,,,,,,,,,,,,,,,,,,,,,,,,,,,,0,0
,,,,,,,,,,,,,,,,,,,,,,,,,,,,,,,0,0
,,,,,,,,,,,,,,,,,,,,,,,,,,,,,,,0,0
,,,,,,,,,,,,,,,,,,,,,,,,,,,,,,,0,0
,,,,,,,,,,,,,,,,,,,,,,,,,,,,,,,0,0
,,,,,,,,,,,,,,,,,,,,,,,,,,,,,,,0,0
,,,,,,,,,,,,,,,,,,,,,,,,,,,,,,,0,0
,,,,,,,,,,,,,,,,,,,,,,,,,,,,,,,0,0
,,,,,,,,,,,,,,,,,,,,,,,,,,,,,,,0,0
,,,,,,,,,,,,,,,,,,,,,,,,,,,,,,,0,0
,,,,,,,,,,,,,,,,,,,,,,,,,,,,,,,0,0
,,,,,,,,,,,,,,,,,,,,,,,,,,,,,,,0,0
,,,,,,,,,,,,,,,,,,,,,,,,,,,,,,,0,0
,,,,,,,,,,,,,,,,,,,,,,,,,,,,,,,0,0
,,,,,,,,,,,,,,,,,,,,,,,,,,,,,,,0,0
,,,,,,,,,,,,,,,,,,,,,,,,,,,,,,,0,0
,,,,,,,,,,,,,,,,,,,,,,,,,,,,,,,0,0
,,,,,,,,,,,,,,,,,,,,,,,,,,,,,,,0,0
